{
  "name": "jjsecure-vpn",
  "version": "1.0.0",
  "private": true,
  "description": "Aplicación VPN moderna para dispositivos móviles",
  "dependencies": {
    "react": "^18.2.0",
    "react-dom": "^18.2.0"
  },
  "scripts": {
    "start": "BROWSER=none WDS_SOCKET_PORT=0 vite --port 3000",
    "build": "vite build",
    "build:webview": "./build-single-html.sh",
    "preview": "vite preview"
  },
  "devDependencies": {
    "@vitejs/plugin-react": "^4.1.1",
    "vite": "^4.5.9"
  },
  "browserslist": {
    "production": [
      ">0.2%",
      "not dead",
      "not op_mini all"
    ],
    "development": [
      "last 1 chrome version",
      "last 1 firefox version",
      "last 1 safari version"
    ]
  }
}
